Workbook

Sheet Инструкции
A1: МИС — инструмент за риска (инвентаризация, оценка на риска, план за третиране)
A3: Ред на попълване: 1) Регистър на активите → 2) Регистър на риска → 3) План за третиране.
A5: Цветове:
A6: • Жълтите клетки ги попълваш ти.
A7: • Сивите се изчисляват автоматично — НЕ ги пипай (Риск, Ниво, Приемлив, Остатъчен риск, Първонач. риск в плана).
A8: • Редовете с „◄ ПРИМЕР“ в "Забележка" са образци — изтрий целите редове, преди да качиш в git
A10: Правила, които се проверяват:
A11: • Собственикът на актив е ДЛЪЖНОСТ, не име на човек.
A12: • Въздействието е НАЙ-ВИСОКОТО от четирите измерения (работа, данни, финанси/право, репутация), не средното. Виж лист „Скали“.
A13: • Риск апетитът е ЧИСЛО (лист „Скали“, клетка B1, по подразбиране 9). Можеш да го смениш, но с обосновка за сектора на фирмата.
A14: • Всеки риск сочи конкретен A-ID и има едновременно заплаха И уязвимост. „Хакерска атака“ не е риск.
A15: • Стойностите трябва да имат дистрибуция — ако всичко е 5 или всичко е 1, не е оценявано.
... A22: Минимум за предаване: ≥12 актива, ≥12 оценени риска, план за третиране на всички неприемливи рискове.

Sheet Скали
A1: РИСК АПЕТИТ (число, по подразбиране 9 — сменя се с обосновка): | B1: 9
A2: Всичко с риск НАД тази стойност е неприемливо и влиза в План за третиране.
A4: СКАЛА ЗА ВЕРОЯТНОСТ (1–5, по честота)
A5: 1 Много ниска | B5: по-рядко от веднъж на 10 години, теоретично
A6: 2 Ниска | B6: веднъж на няколко години в сектора
A7: 3 Средна | B7: веднъж на няколко години в подобна организация
A8: 4 Висока | B8: очаква се при текущата защита, поне веднъж годишно
A9: 5 Много висока | B9: вече се случва или опити постоянно
A11: СКАЛА ЗА ВЪЗДЕЙСТВИЕ (1–5) — взима се НАЙ-ВИСОКОТО от 4-те измерения
A12: Ниво | B12: Работа на услугата | C12: Данни | D12: Финанси и право | E12: Репутация
A13: 1 Нищожно | B13: без забележимо прекъсване | C13: без загуба/разкриване | D13: пренебрежими разходи | E13: без отзвук
A14: 2 Малко | B14: прекъсване до половин ден за част | C14: възстановимо от архив | D14: в рамките на бюджета | E14: отделни оплаквания
A15: 3 Средно | B15: до един ден на основна услуга | C15: загуба до RPO/вътрешна инфо | D15: неустойки, извънредни разходи | E15: локална публичност
A16: 4 Голямо | B16: над ден или всички потребители | C16: лични/поверителни данни | D16: надзорен орган, санкции | E16: национална публичност
A17: 5 Критично | B17: спиране, живот и здраве, КИ | C17: масово/невъзстановимо | D17: лиценз, наказателна отг. | E17: трайна загуба на доверие
A19: НИВА НА РИСК (вероятност × въздействие)
A20: Ниво | B20: Стойност | C20: Цвят | D20: Срок за третиране
A21: Нисък | B21: 1–4 | D21: приема се / наблюдава се
A22: Умерен | B22: 5–9 | D22: наблюдава се
A23: Висок | B23: 10–15 | D23: третира се до 90 дни
A24: Критичен | B24: 16–25 | D24: третира се до 30 дни, временна мярка до 7 дни
A26: ВАРИАНТИ ЗА ТРЕТИРАНЕ
A27: Намаляване | B27: контрол, който сваля вероятността или въздействието
A28: Прехвърляне | B28: застраховка или договорна клауза; какво остава непрехвърлено
A29: Избягване | B29: спиране на дейността, която носи риска
A30: Приемане | B30: рискът е под апетита или третирането струва повече от щетата; кой приема, с длъжност и дата

Sheet Регистър на активите
A1: A-ID | B1: Наименование | C1: Тип | D1: Собственик (длъжност) | E1: Оператор | F1: Класификация | G1: Локация | H1: Зависимости | I1: Забележка
A2: A-01 | B2: CMS портал (редакционна система, :8000) | C2: софтуер | D2: Главен редактор | E2: Системен администратор | F2: поверителна | G2: София, 10.100.0.1, LAN-редакция | H2: A-02, A-11, A-12 | I2: Ядрото на бизнеса - всеки материал минава оттук
A3: A-02 | B3: Firewall / gateway София (nftables) | C3: мрежа | D3: Ръководител ИТ | E3: Системен администратор | F3: вътрешна | G3: София, 10.100.0.10 | I3: Единствената точка за филтриране между офисите и интернет
A4: A-03 | B4: Неиздадени редакционни материали | C4: информация | D4: Главен редактор | E4: Журналисти, редактори | F4: поверителна | G4: CMS (A-01) | H4: A-01 | I4: Ембарго до публикуване
A5: A-04 | B5: Данни за журналистически източници | C5: информация | D5: Главен редактор | E5: Журналисти | F5: строго поверителна | G5: CMS (A-01), лаптопи (A-13) | H5: A-01, A-13 | I5: Лични данни (GDPR); разкриването е невъзстановимо
A6: A-05 | B6: Публичен новинарски уебсайт | C6: услуга | D6: Управител | E6: Главен редактор | F6: публична | G6: хостинг / DMZ | H6: A-01, A-02 | I6: Приходи от реклама и репутация
A7: A-06 | B7: Print Automation Server | C7: хардуер | D7: Ръководител печатница | E7: Оператор предпечат | F7: вътрешна | G7: Пазарджик, 10.101.0.20 | H7: A-01, A-10 | I7: Нощем тегли одобрените материали (GET :8000)
A8: A-07 | B8: Печатни файлове на изданието (одобрени материали) | C8: информация | D8: Ръководител печатница | E8: Оператор предпечат | F8: вътрешна | G8: Пазарджик (A-06) | H8: A-01, A-06 | I8: Целостта е критична - каквото е тук, отива на хартия
A9: A-08 | B9: Archive Server (SFTP :2222) | C9: хардуер | D9: Ръководител ИТ | E9: Архивар | F9: вътрешна | G9: Ловеч, 10.102.0.10 | H9: A-01, A-10 | I9: Само приема връзки от CMS, не инициира навън
A10: A-09 | B10: Архив на изданията | C10: информация | D10: Главен редактор | E10: Архивар | F10: вътрешна | G10: Ловеч (A-08) | H10: A-08 | I10: Историческа стойност; при загуба - невъзстановим
A11: A-10 | B11: WAN връзки между офисите | C11: мрежа | D11: Ръководител ИТ | E11: Интернет доставчик | F11: вътрешна | G11: София–Пазарджик, София–Ловеч | H11: A-02 | I11: Пазарджик - Ловеч трябва да е блокирано
A12: A-11 | B12: Identity услуга (Keycloak - роли журналист, редактор, администратор) | C12: софтуер | D12: Ръководител ИТ | E12: Системен администратор | F12: поверителна | G12: София | H12: A-15 | I12: H1, урок 7
A13: A-12 | B13: Обратен прокси пред CMS (oauth2-proxy) | C13: софтуер | D13: Ръководител ИТ | E13: Системен администратор | F13: вътрешна | G13: София, LAN-редакция | H13: A-02, A-11 | I13: H2, урок 11
A14: A-13 | B14: Работни станции и лаптопи на журналистите | C14: хардуер | D14: Ръководител ИТ | E14: Журналисти | F14: поверителна | G14: София, 10.100.0.0/24 + на терен | H14: A-02, A-14 | I14: Работят и извън офиса
A15: A-14 | B15: Електронна поща на редакцията | C15: услуга | D15: Ръководител ИТ | E15: Системен администратор | F15: поверителна | G15: облак (външен доставчик) | H15: външен доставчик | I15: Основен канал за сигнали от източници
... A17: A-16 | B17: AI асистент за редактиране и проверка на текст | C17: услуга | D17: Главен редактор | E17: Редактори | F17: поверителна | G17: външно API | H17: A-01, външен доставчик | I17: H5, урок 17
A18: A-17 | B18: Журналисти и редактори | C18: хора | D18: Главен редактор | E18: - | F18: вътрешна | G18: София + на терен | H18: -

Sheet Регистър на риска
A1: R-ID | B1: A-ID | C1: Заплаха ( MITTRE ATT&CK техника) | D1: Уязвимост | E1: Сценарий (изречение) | F1: Съществуващи контроли | G1: P | H1: I | I1: Риск | J1: Ниво | K1: Приемлив | L1: Третиране | M1: Отговорник (длъжност) | N1: Срок | O1: Час | P1: Остат. P | Q1: Остат. I | R1: Остат. риск | S1: Доказателство
A2: R-01 | B2: A-17 (журналисти и редактори) | C2: T1566.001 Spearphishing Attachment → T1204.002 Malicious File. Ползват: APT28, APT29, Sandworm, Kimsuky — редовно срещу медии и журналисти | D2: Журналистите по работа отварят файлове от непознати податели; макросите не са блокирани, няма sandbox за прикачени файлове | E2: Журналист отваря „изтекъл документ“ с макрос и нападателят получава контрол над лаптопа му и сесията му в CMS | F2: Антивирус на станциите | G2: 5 | H2: 4 | I2: =IF(OR(G2="",H2=""),"",G2*H2) -> 20 | J2: =IF(I2="","",IF(I2<=4,"нисък",IF(I2<=9,"умерен",IF(I2<=15,"висок","критичен")))) -> критичен | K2: =IF(I2="","",IF(I2<=Скали!$B$1,"да","не")) -> не | L2: намаляване | M2: Ръководител ИТ | P2: 2 | Q2: 4 | R2: =IF(OR(P2="",Q2=""),"",P2*Q2) -> 8
A3: R-02 | B3: A-04 (данни за източници) | C3: T1213 Data from Information Repositories. Ползва: APT28 | D3: Данните за източници стоят в CMS в чист вид и всеки журналист вижда всички записи (няма разделение по роли) | E3: Нападател с откраднат акаунт на журналист изнася от CMS контактите на източници и ги разкрива публично | F3: Вход с потребител и парола | G3: 3 | H3: 5 | I3: =IF(OR(G3="",H3=""),"",G3*H3) -> 15 | J3: =IF(I3="","",IF(I3<=4,"нисък",IF(I3<=9,"умерен",IF(I3<=15,"висок","критичен")))) -> висок | K3: =IF(I3="","",IF(I3<=Скали!$B$1,"да","не")) -> не | L3: намаляване | M3: Главен редактор | P3: 2 | Q3: 4 | R3: =IF(OR(P3="",Q3=""),"",P3*Q3) -> 8
A4: R-03 | B4: A-01 (CMS портал) | C4: T1190 Exploit Public-Facing Application → T1505.003 Web Shell. Ползват: APT28, APT29, Sandworm, APT41 | D4: CMS слуша директно на :8000 без обратен прокси; плъгините не се обновяват по график | E4: Нападател използва уязвим плъгин на CMS, качва web shell и получава достъп до всички материали и до вътрешната мрежа | F4: Филтриране по порт на gw | G4: 4 | H4: 4 | I4: =IF(OR(G4="",H4=""),"",G4*H4) -> 16 | J4: =IF(I4="","",IF(I4<=4,"нисък",IF(I4<=9,"умерен",IF(I4<=15,"висок","критичен")))) -> критичен | K4: =IF(I4="","",IF(I4<=Скали!$B$1,"да","не")) -> не | L4: намаляване | M4: Системен администратор | P4: 2 | Q4: 4 | R4: =IF(OR(P4="",Q4=""),"",P4*Q4) -> 8
A5: R-04 | B5: A-05 (публичен уебсайт) | C5: T1491.002 External Defacement. Ползват: Sandworm, Ember Bear | D5: Няма контрол на целостта на публикуваното съдържание и процедура за бързо възстановяване | E5: Нападател подменя водещата статия с фалшива новина от името на изданието | F5: Ръчна проверка от дежурен редактор | G5: 2 | H5: 5 | I5: =IF(OR(G5="",H5=""),"",G5*H5) -> 10 | J5: =IF(I5="","",IF(I5<=4,"нисък",IF(I5<=9,"умерен",IF(I5<=15,"висок","критичен")))) -> висок | K5: =IF(I5="","",IF(I5<=Скали!$B$1,"да","не")) -> не | L5: намаляване | M5: Главен редактор | P5: 2 | Q5: 3 | R5: =IF(OR(P5="",Q5=""),"",P5*Q5) -> 6
A6: R-05 | B6: A-11 (Keycloak — роли) | C6: T1110.003 Password Spraying → T1078 Valid Accounts. Ползват: APT28, APT29, Lazarus | D6: Вход само с парола, без MFA и без заключване на акаунта; съществува общ акаунт „redakcia“ | E6: Нападател налучква слаба парола на редактор и одобрява материали от негово име | F6: Политика за сложност на паролата | G6: 4 | H6: 4 | I6: =IF(OR(G6="",H6=""),"",G6*H6) -> 16 | J6: =IF(I6="","",IF(I6<=4,"нисък",IF(I6<=9,"умерен",IF(I6<=15,"висок","критичен")))) -> критичен | K6: =IF(I6="","",IF(I6<=Скали!$B$1,"да","не")) -> не | L6: намаляване | M6: Системен администратор | P6: 2 | Q6: 4 | R6: =IF(OR(P6="",Q6=""),"",P6*Q6) -> 8
A7: R-06 | B7: A-07 (печатни файлове) | C7: T1565.001 Stored Data Manipulation. Ползва: APT38 | D7: Няма хеш/подпис между одобрението в CMS и изтеглянето в Пазарджик; изтеглянето е по HTTP | E7: Подменен одобрен материал се отпечатва в целия тираж → клевета, съдебни искове | F7: Визуална проверка на първия отпечатък | G7: 2 | H7: 5 | I7: =IF(OR(G7="",H7=""),"",G7*H7) -> 10 | J7: =IF(I7="","",IF(I7<=4,"нисък",IF(I7<=9,"умерен",IF(I7<=15,"висок","критичен")))) -> висок | K7: =IF(I7="","",IF(I7<=Скали!$B$1,"да","не")) -> не | L7: намаляване | M7: Ръководител печатница | P7: 1 | Q7: 5 | R7: =IF(OR(P7="",Q7=""),"",P7*Q7) -> 5
A8: R-07 | B8: A-06 (Print Automation Server) | C8: T1486 Data Encrypted for Impact (рансъмуер). Ползват: Sandworm, APT38, APT41, FIN7 | D8: Сървърът е без EDR и мониторинг, обновленията изостават, няма офлайн копие на конфигурацията | E8: Рансъмуер криптира Print сървъра и брой на вестника не излиза | F8: Антивирус | G8: 3 | H8: 4 | I8: =IF(OR(G8="",H8=""),"",G8*H8) -> 12 | J8: =IF(I8="","",IF(I8<=4,"нисък",IF(I8<=9,"умерен",IF(I8<=15,"висок","критичен")))) -> висок | K8: =IF(I8="","",IF(I8<=Скали!$B$1,"да","не")) -> не | L8: намаляване | M8: Ръководител печатница | P8: 2 | Q8: 3 | R8: =IF(OR(P8="",Q8=""),"",P8*Q8) -> 6
A9: R-08 | B9: A-10 (WAN връзки) | C9: T1021.004 Remote Services: SSH (латерално движение). Ползват: Lazarus, OilRig, FIN7 | D9: Трафикът между клоновете не се филтрира - от Пазарджик се стига до SFTP :2222 в Ловеч | E9: Компрометиран сървър в Пазарджик се използва за SSH вход в архивния сървър в Ловеч | F9: - | G9: 3 | H9: 4 | I9: =IF(OR(G9="",H9=""),"",G9*H9) -> 12 | J9: =IF(I9="","",IF(I9<=4,"нисък",IF(I9<=9,"умерен",IF(I9<=15,"висок","критичен")))) -> висок | K9: =IF(I9="","",IF(I9<=Скали!$B$1,"да","не")) -> не | L9: намаляване | M9: Системен администратор | P9: 1 | Q9: 4 | R9: =IF(OR(P9="",Q9=""),"",P9*Q9) -> 4
A10: R-09 | B10: A-09 (архив на изданията) | C10: T1485 Data Destruction (wiper). Ползват: Sandworm, Lazarus, APT38 | D10: Архивът съществува в едно копие на един сървър | E10: Wiper изтрива архива на изданията без възможност за възстановяване | F10: RAID 1 на диска | G10: 2 | H10: 5 | I10: =IF(OR(G10="",H10=""),"",G10*H10) -> 10 | J10: =IF(I10="","",IF(I10<=4,"нисък",IF(I10<=9,"умерен",IF(I10<=15,"висок","критичен")))) -> висок | K10: =IF(I10="","",IF(I10<=Скали!$B$1,"да","не")) -> не | L10: намаляване | M10: Ръководител ИТ | P10: 2 | Q10: 2 | R10: =IF(OR(P10="",Q10=""),"",P10*Q10) -> 4
A11: R-10 | B11: A-05 (публичен уебсайт) | C11: T1498 Network Denial of Service. Ползва: APT28; масово и от хактивисти | D11: Сайтът е на един хостинг, без CDN и защита от DDoS | E11: DDoS атака сваля сайта в ден на избори или важна новина | F11: - | G11: 4 | H11: 3 | I11: =IF(OR(G11="",H11=""),"",G11*H11) -> 12 | J11: =IF(I11="","",IF(I11<=4,"нисък",IF(I11<=9,"умерен",IF(I11<=15,"висок","критичен")))) -> висок | K11: =IF(I11="","",IF(I11<=Скали!$B$1,"да","не")) -> не | L11: прехвърляне | M11: Управител | P11: 3 | Q11: 2 | R11: =IF(OR(P11="",Q11=""),"",P11*Q11) -> 6
A12: R-11 | B12: A-15 (Wazuh) | C12: T1070.001 Clear Windows Event Logs. Ползват: APT28, APT38, APT41 | D12: Логовете на част от сървърите са само локални; Print сървърът няма Wazuh агент | E12: Нападател изтрива логовете и инцидентът не може да бъде разследван | F12: Wazuh агент на CMS | G12: 3 | H12: 3 | I12: =IF(OR(G12="",H12=""),"",G12*H12) -> 9 | J12: =IF(I12="","",IF(I12<=4,"нисък",IF(I12<=9,"умерен",IF(I12<=15,"висок","критичен")))) -> умерен | K12: =IF(I12="","",IF(I12<=Скали!$B$1,"да","не")) -> да | L12: приемане | M12: Ръководител ИТ | P12: 3 | Q12: 3 | R12: =IF(OR(P12="",Q12=""),"",P12*Q12) -> 9
A13: R-12 | B13: A-16 (AI асистент) | C13: T1567 Exfiltration Over Web Service. Ползват: APT28, APT38, Magic Hound | D13: Няма политика и DLP за AI; служители поставят цели неиздадени текстове във външни AI услуги | E13: Неиздаден материал с имена на източници изтича към външна AI услуга | F13: - | G13: 3 | H13: 4 | I13: =IF(OR(G13="",H13=""),"",G13*H13) -> 12 | J13: =IF(I13="","",IF(I13<=4,"нисък",IF(I13<=9,"умерен",IF(I13<=15,"висок","критичен")))) -> висок | K13: =IF(I13="","",IF(I13<=Скали!$B$1,"да","не")) -> не | L13: намаляване | M13: Главен редактор | P13: 1 | Q13: 4 | R13: =IF(OR(P13="",Q13=""),"",P13*Q13) -> 4
... A15: R-14 | B15: A-10 (WAN връзки) | C15: T1557 Adversary-in-the-Middle. Ползват: Kimsuky, Mustang Panda, Sea Turtle | D15: Трафикът към CMS (вкл. нощният GET от Пазарджик) е по HTTP без TLS | E15: Нападател в WAN прихваща сесия или парола към CMS | F15: - | G15: 2 | H15: 4 | I15: =IF(OR(G15="",H15=""),"",G15*H15) -> 8 | J15: =IF(I15="","",IF(I15<=4,"нисък",IF(I15<=9,"умерен",IF(I15<=15,"висок","критичен")))) -> умерен | K15: =IF(I15="","",IF(I15<=Скали!$B$1,"да","не")) -> да | L15: приемане | M15: Ръководител ИТ | P15: 2 | Q15: 4 | R15: =IF(OR(P15="",Q15=""),"",P15*Q15) -> 8
I18: =IF(OR(G18="",H18=""),"",G18*H18) | J18: =IF(I18="","",IF(I18<=4,"нисък",IF(I18<=9,"умерен",IF(I18<=15,"висок","критичен")))) | K18: =IF(I18="","",IF(I18<=Скали!$B$1,"да","не")) | R18: =IF(OR(P18="",Q18=""),"",P18*Q18)
I19: =IF(OR(G19="",H19=""),"",G19*H19) | J19: =IF(I19="","",IF(I19<=4,"нисък",IF(I19<=9,"умерен",IF(I19<=15,"висок","критичен")))) | K19: =IF(I19="","",IF(I19<=Скали!$B$1,"да","не")) | R19: =IF(OR(P19="",Q19=""),"",P19*Q19)
I20: =IF(OR(G20="",H20=""),"",G20*H20) | J20: =IF(I20="","",IF(I20<=4,"нисък",IF(I20<=9,"умерен",IF(I20<=15,"висок","критичен")))) | K20: =IF(I20="","",IF(I20<=Скали!$B$1,"да","не")) | R20: =IF(OR(P20="",Q20=""),"",P20*Q20)
I21: =IF(OR(G21="",H21=""),"",G21*H21) | J21: =IF(I21="","",IF(I21<=4,"нисък",IF(I21<=9,"умерен",IF(I21<=15,"висок","критичен")))) | K21: =IF(I21="","",IF(I21<=Скали!$B$1,"да","не")) | R21: =IF(OR(P21="",Q21=""),"",P21*Q21)
I22: =IF(OR(G22="",H22=""),"",G22*H22) | J22: =IF(I22="","",IF(I22<=4,"нисък",IF(I22<=9,"умерен",IF(I22<=15,"висок","критичен")))) | K22: =IF(I22="","",IF(I22<=Скали!$B$1,"да","не")) | R22: =IF(OR(P22="",Q22=""),"",P22*Q22)
I23: =IF(OR(G23="",H23=""),"",G23*H23) | J23: =IF(I23="","",IF(I23<=4,"нисък",IF(I23<=9,"умерен",IF(I23<=15,"висок","критичен")))) | K23: =IF(I23="","",IF(I23<=Скали!$B$1,"да","не")) | R23: =IF(OR(P23="",Q23=""),"",P23*Q23)
I24: =IF(OR(G24="",H24=""),"",G24*H24) | J24: =IF(I24="","",IF(I24<=4,"нисък",IF(I24<=9,"умерен",IF(I24<=15,"висок","критичен")))) | K24: =IF(I24="","",IF(I24<=Скали!$B$1,"да","не")) | R24: =IF(OR(P24="",Q24=""),"",P24*Q24)
I25: =IF(OR(G25="",H25=""),"",G25*H25) | J25: =IF(I25="","",IF(I25<=4,"нисък",IF(I25<=9,"умерен",IF(I25<=15,"висок","критичен")))) | K25: =IF(I25="","",IF(I25<=Скали!$B$1,"да","не")) | R25: =IF(OR(P25="",Q25=""),"",P25*Q25)
I26: =IF(OR(G26="",H26=""),"",G26*H26) | J26: =IF(I26="","",IF(I26<=4,"нисък",IF(I26<=9,"умерен",IF(I26<=15,"висок","критичен")))) | K26: =IF(I26="","",IF(I26<=Скали!$B$1,"да","не")) | R26: =IF(OR(P26="",Q26=""),"",P26*Q26)
I27: =IF(OR(G27="",H27=""),"",G27*H27) | J27: =IF(I27="","",IF(I27<=4,"нисък",IF(I27<=9,"умерен",IF(I27<=15,"висок","критичен")))) | K27: =IF(I27="","",IF(I27<=Скали!$B$1,"да","не")) | R27: =IF(OR(P27="",Q27=""),"",P27*Q27)
I28: =IF(OR(G28="",H28=""),"",G28*H28) | J28: =IF(I28="","",IF(I28<=4,"нисък",IF(I28<=9,"умерен",IF(I28<=15,"висок","критичен")))) | K28: =IF(I28="","",IF(I28<=Скали!$B$1,"да","не")) | R28: =IF(OR(P28="",Q28=""),"",P28*Q28)
I29: =IF(OR(G29="",H29=""),"",G29*H29) | J29: =IF(I29="","",IF(I29<=4,"нисък",IF(I29<=9,"умерен",IF(I29<=15,"висок","критичен")))) | K29: =IF(I29="","",IF(I29<=Скали!$B$1,"да","не")) | R29: =IF(OR(P29="",Q29=""),"",P29*Q29)
... I210: =IF(OR(G210="",H210=""),"",G210*H210) | J210: =IF(I210="","",IF(I210<=4,"нисък",IF(I210<=9,"умерен",IF(I210<=15,"висок","критичен")))) | K210: =IF(I210="","",IF(I210<=Скали!$B$1,"да","не")) | R210: =IF(OR(P210="",Q210=""),"",P210*Q210)

Sheet План за третиране
A1: R-ID | B1: A-ID (актив) | C1: Кратко описание на риска | D1: Първонач. риск | E1: Вариант за третиране | F1: Планиран контрол | G1: Annex A код | H1: Отговорник (длъжност) | I1: Срок | J1: Час от курса | K1: Статус | L1: Остат. В | M1: Остат. Въ | N1: Остат. риск | O1: Доказателство / артефакт
A2: R-01 | B2: A-18 | C2: Фишинг с прикачен файл компрометира журналист | D2: =IFERROR(INDEX('Регистър на риска'!$I:$I,MATCH(A2,'Регистър на риска'!$A:$A,0)),"") -> 20 | E2: намаляване | F2: Блок на макроси от интернет и на .iso/.lnk/.js в пощата (врем. мярка до 7 дни); sandbox за прикачени файлове; Wazuh аларма Office → cmd/powershell; обучение на журналистите. ATT&CK: M1049, M1021, M1054, M1017 | G2: A.6.3, A.8.7, A.8.16, A.8.23 | H2: Ръководител ИТ | K2: планиран | L2: 2 | M2: 4 | N2: =IF(OR(L2="",M2=""),"",L2*M2) -> 8
A3: R-02 | B3: A-04 | C3: Изнасяне и разкриване на източници от CMS | D3: =IFERROR(INDEX('Регистър на риска'!$I:$I,MATCH(A3,'Регистър на риска'!$A:$A,0)),"") -> 15 | E3: намаляване | F3: Източниците в отделно криптирано поле; достъп само за автора и главния редактор (роли в Keycloak); одит на всеки достъп в Wazuh. ATT&CK: M1041, M1018, M1047 | G3: A.5.12, A.5.15, A.5.34, A.8.3, A.8.24 | H3: Главен редактор | K3: планиран | L3: 2 | M3: 4 | N3: =IF(OR(L3="",M3=""),"",L3*M3) -> 8
A4: R-03 | B4: A-01 | C4: Експлойт на CMS и web shell | D4: =IFERROR(INDEX('Регистър на риска'!$I:$I,MATCH(A4,'Регистър на риска'!$A:$A,0)),"") -> 16 | E4: намаляване | F4: CMS само зад oauth2-proxy на :443 с TLS; :8000 достъпен само от проксито и от 10.101.0.20 (nftables) — врем. мярка до 7 дни; месечно сканиране за уязвимости и обновяване на плъгините. ATT&CK: M1030, M1035, M1051, M1016 | G4: A.8.8, A.8.20, A.8.22 | H4: Системен администратор | K4: планиран | L4: 2 | M4: 4 | N4: =IF(OR(L4="",M4=""),"",L4*M4) -> 8
A5: R-04 | B5: A-05 | C5: Дефейсмънт на сайта с фалшива новина | D5: =IFERROR(INDEX('Регистър на риска'!$I:$I,MATCH(A5,'Регистър на риска'!$A:$A,0)),"") -> 10 | E5: намаляване | F5: Контрол на целостта (Wazuh FIM) върху публичните файлове; резервно копие и процедура за възстановяване до 30 мин. ATT&CK: M1053 | G5: A.8.13, A.8.16, A.5.26 | H5: Главен редактор | K5: планиран | L5: 2 | M5: 3 | N5: =IF(OR(L5="",M5=""),"",L5*M5) -> 6
A6: R-05 | B6: A-11 | C6: Password spraying срещу акаунти в Keycloak | D6: =IFERROR(INDEX('Регистър на риска'!$I:$I,MATCH(A6,'Регистър на риска'!$A:$A,0)),"") -> 16 | E6: намаляване | F6: MFA (TOTP) за редактор и администратор; заключване след 5 грешни опита; премахване на общия акаунт „redakcia“ и смяна на паролите (врем. мярка до 7 дни). ATT&CK: M1032, M1036, M1027 | G6: A.5.16, A.5.17, A.8.5 | H6: Системен администратор | K6: планиран | L6: 2 | M6: 4 | N6: =IF(OR(L6="",M6=""),"",L6*M6) -> 8
A7: R-06 | B7: A-07 | C7: Подмяна на одобрен материал преди печат | D7: =IFERROR(INDEX('Регистър на риска'!$I:$I,MATCH(A7,'Регистър на риска'!$A:$A,0)),"") -> 10 | E7: намаляване | F7: SHA-256 хеш на одобрения материал в CMS, проверка в Print сървъра преди печат; изтегляне само по HTTPS; одобрява само роля „редактор“. ATT&CK: M1041, M1022 | G7: A.8.3, A.8.24 | H7: Ръководител печатница | K7: планиран | L7: 1 | M7: 5 | N7: =IF(OR(L7="",M7=""),"",L7*M7) -> 5
A8: R-07 | B8: A-06 | C8: Рансъмуер спира Print сървъра | D8: =IFERROR(INDEX('Регистър на риска'!$I:$I,MATCH(A8,'Регистър на риска'!$A:$A,0)),"") -> 12 | E8: намаляване | F8: Wazuh агент и EDR; месечни обновления; офлайн копие на шаблоните и конфигурацията; тест на възстановяването. ATT&CK: M1040, M1053 | G8: A.8.7, A.8.8, A.8.13 | H8: Ръководител печатница | K8: планиран | L8: 2 | M8: 3 | N8: =IF(OR(L8="",M8=""),"",L8*M8) -> 6
A9: R-08 | B9: A-10 | C9: Латерално движение Пазарджик → Ловеч | D9: =IFERROR(INDEX('Регистър на риска'!$I:$I,MATCH(A9,'Регистър на риска'!$A:$A,0)),"") -> 12 | E9: намаляване | F9: nftables: Пазарджик → София само TCP 8000 към 10.100.0.1; drop 10.101.0.0/24 ↔ 10.102.0.0/24; SFTP :2222 в Ловеч само от 10.100.0.1; Ловеч не инициира навън. ATT&CK: M1030, M1035 | G9: A.8.20, A.8.22 | H9: Системен администратор | K9: планиран | L9: 1 | M9: 4 | N9: =IF(OR(L9="",M9=""),"",L9*M9) -> 4
A10: R-09 | B10: A-09 | C10: Wiper унищожава архива | D10: =IFERROR(INDEX('Регистър на риска'!$I:$I,MATCH(A10,'Регистър на риска'!$A:$A,0)),"") -> 10 | E10: намаляване | F10: Второ офлайн копие на архива (месечно, съхранявано в София); тримесечен тест на възстановяване. ATT&CK: M1053 | G10: A.8.13 | H10: Ръководител ИТ | K10: планиран | L10: 2 | M10: 2 | N10: =IF(OR(L10="",M10=""),"",L10*M10) -> 4
A11: R-10 | B11: A-05 | C11: DDoS сваля сайта | D11: =IFERROR(INDEX('Регистър на риска'!$I:$I,MATCH(A11,'Регистър на риска'!$A:$A,0)),"") -> 12 | E11: прехвърляне | F11: Договор с CDN/anti-DDoS доставчик със SLA. ATT&CK: M1037. Непрехвърлено остава: репутационната щета при прекъсване | G11: A.5.20, A.5.30 | H11: Управител | K11: планиран | L11: 3 | M11: 2 | N11: =IF(OR(L11="",M11=""),"",L11*M11) -> 6
A12: R-11 | B12: A-15 | C12: Изтриване на логове пречи на разследване | D12: =IFERROR(INDEX('Регистър на риска'!$I:$I,MATCH(A12,'Регистър на риска'!$A:$A,0)),"") -> 9 | E12: приемане | F12: — (под апетита; агентите се добавят в уроци 13–14) | G12: — | H12: Ръководител ИТ | K12: приет | L12: 3 | M12: 3 | N12: =IF(OR(L12="",M12=""),"",L12*M12) -> 9
A13: R-12 | B13: A-17 | C13: Изтичане на материали към външен AI | D13: =IFERROR(INDEX('Регистър на риска'!$I:$I,MATCH(A13,'Регистър на риска'!$A:$A,0)),"") -> 12 | E13: намаляване | F13: Политика за AI (без източници и неиздадени материали); само одобрен AI асистент с договор без обучение върху данните; блок на други AI домейни на проксито. ATT&CK: M1057, M1021 | G13: A.5.10, A.5.23, A.8.12 | H13: Главен редактор | K13: планиран | L13: 1 | M13: 4 | N13: =IF(OR(L13="",M13=""),"",L13*M13) -> 4
... A17: R-16 | B17: A-19 | C17: Неоторизирано устройство в сървърното | D17: =IFERROR(INDEX('Регистър на риска'!$I:$I,MATCH(A17,'Регистър на риска'!$A:$A,0)),"") | E17: приемане | F17: — (под апетита) | G17: — | H17: Управител | K17: приет | L17: 1 | M17: 4 | N17: =IF(OR(L17="",M17=""),"",L17*M17) -> 4
D18: =IFERROR(INDEX('Регистър на риска'!$I:$I,MATCH(A18,'Регистър на риска'!$A:$A,0)),"") | N18: =IF(OR(L18="",M18=""),"",L18*M18)
D19: =IFERROR(INDEX('Регистър на риска'!$I:$I,MATCH(A19,'Регистър на риска'!$A:$A,0)),"") | N19: =IF(OR(L19="",M19=""),"",L19*M19)
D20: =IFERROR(INDEX('Регистър на риска'!$I:$I,MATCH(A20,'Регистър на риска'!$A:$A,0)),"") | N20: =IF(OR(L20="",M20=""),"",L20*M20)
D21: =IFERROR(INDEX('Регистър на риска'!$I:$I,MATCH(A21,'Регистър на риска'!$A:$A,0)),"") | N21: =IF(OR(L21="",M21=""),"",L21*M21)
D22: =IFERROR(INDEX('Регистър на риска'!$I:$I,MATCH(A22,'Регистър на риска'!$A:$A,0)),"") | N22: =IF(OR(L22="",M22=""),"",L22*M22)
D23: =IFERROR(INDEX('Регистър на риска'!$I:$I,MATCH(A23,'Регистър на риска'!$A:$A,0)),"") | N23: =IF(OR(L23="",M23=""),"",L23*M23)
D24: =IFERROR(INDEX('Регистър на риска'!$I:$I,MATCH(A24,'Регистър на риска'!$A:$A,0)),"") | N24: =IF(OR(L24="",M24=""),"",L24*M24)
D25: =IFERROR(INDEX('Регистър на риска'!$I:$I,MATCH(A25,'Регистър на риска'!$A:$A,0)),"") | N25: =IF(OR(L25="",M25=""),"",L25*M25)
D26: =IFERROR(INDEX('Регистър на риска'!$I:$I,MATCH(A26,'Регистър на риска'!$A:$A,0)),"") | N26: =IF(OR(L26="",M26=""),"",L26*M26)
D27: =IFERROR(INDEX('Регистър на риска'!$I:$I,MATCH(A27,'Регистър на риска'!$A:$A,0)),"") | N27: =IF(OR(L27="",M27=""),"",L27*M27)
D28: =IFERROR(INDEX('Регистър на риска'!$I:$I,MATCH(A28,'Регистър на риска'!$A:$A,0)),"") | N28: =IF(OR(L28="",M28=""),"",L28*M28)
D29: =IFERROR(INDEX('Регистър на риска'!$I:$I,MATCH(A29,'Регистър на риска'!$A:$A,0)),"") | N29: =IF(OR(L29="",M29=""),"",L29*M29)
... D210: =IFERROR(INDEX('Регистър на риска'!$I:$I,MATCH(A210,'Регистър на риска'!$A:$A,0)),"") | N210: =IF(OR(L210="",M210=""),"",L210*M210)

Sheet Heat map
A1: Heat map на риска — MediaPrint House OOD
A2: Клетките се пълнят автоматично от „Регистър на риска“ (P × I). Вертикално — вероятност, хоризонтално — въздействие.
A4: ПЪРВОНАЧАЛЕН РИСК (P × I) | H4: ОСТАТЪЧЕН РИСК (след третиране)
A5: P = 5 | B5: {=_xlfn.TEXTJOIN(", ",TRUE,IF(('Регистър на риска'!$G$2:$G$210=5)*('Регистър на риска'!$H$2:$H$210=1),'Регистър на риска'!$A$2:$A$210,""))} | C5: {=_xlfn.TEXTJOIN(", ",TRUE,IF(('Регистър на риска'!$G$2:$G$210=5)*('Регистър на риска'!$H$2:$H$210=2),'Регистър на риска'!$A$2:$A$210,""))} | D5: {=_xlfn.TEXTJOIN(", ",TRUE,IF(('Регистър на риска'!$G$2:$G$210=5)*('Регистър на риска'!$H$2:$H$210=3),'Регистър на риска'!$A$2:$A$210,""))} | E5: {=_xlfn.TEXTJOIN(", ",TRUE,IF(('Регистър на риска'!$G$2:$G$210=5)*('Регистър на риска'!$H$2:$H$210=4),'Регистър на риска'!$A$2:$A$210,""))} -> R-01 | F5: {=_xlfn.TEXTJOIN(", ",TRUE,IF(('Регистър на риска'!$G$2:$G$210=5)*('Регистър на риска'!$H$2:$H$210=5),'Регистър на риска'!$A$2:$A$210,""))} | H5: P = 5 | I5: {=_xlfn.TEXTJOIN(", ",TRUE,IF(('Регистър на риска'!$P$2:$P$210=5)*('Регистър на риска'!$Q$2:$Q$210=1),'Регистър на риска'!$A$2:$A$210,""))} | J5: {=_xlfn.TEXTJOIN(", ",TRUE,IF(('Регистър на риска'!$P$2:$P$210=5)*('Регистър на риска'!$Q$2:$Q$210=2),'Регистър на риска'!$A$2:$A$210,""))} | K5: {=_xlfn.TEXTJOIN(", ",TRUE,IF(('Регистър на риска'!$P$2:$P$210=5)*('Регистър на риска'!$Q$2:$Q$210=3),'Регистър на риска'!$A$2:$A$210,""))} | L5: {=_xlfn.TEXTJOIN(", ",TRUE,IF(('Регистър на риска'!$P$2:$P$210=5)*('Регистър на риска'!$Q$2:$Q$210=4),'Регистър на риска'!$A$2:$A$210,""))} | M5: {=_xlfn.TEXTJOIN(", ",TRUE,IF(('Регистър на риска'!$P$2:$P$210=5)*('Регистър на риска'!$Q$2:$Q$210=5),'Регистър на риска'!$A$2:$A$210,""))}
A6: P = 4 | B6: {=_xlfn.TEXTJOIN(", ",TRUE,IF(('Регистър на риска'!$G$2:$G$210=4)*('Регистър на риска'!$H$2:$H$210=1),'Регистър на риска'!$A$2:$A$210,""))} | C6: {=_xlfn.TEXTJOIN(", ",TRUE,IF(('Регистър на риска'!$G$2:$G$210=4)*('Регистър на риска'!$H$2:$H$210=2),'Регистър на риска'!$A$2:$A$210,""))} | D6: {=_xlfn.TEXTJOIN(", ",TRUE,IF(('Регистър на риска'!$G$2:$G$210=4)*('Регистър на риска'!$H$2:$H$210=3),'Регистър на риска'!$A$2:$A$210,""))} -> R-10 | E6: {=_xlfn.TEXTJOIN(", ",TRUE,IF(('Регистър на риска'!$G$2:$G$210=4)*('Регистър на риска'!$H$2:$H$210=4),'Регистър на риска'!$A$2:$A$210,""))} -> R-03, R-05 | F6: {=_xlfn.TEXTJOIN(", ",TRUE,IF(('Регистър на риска'!$G$2:$G$210=4)*('Регистър на риска'!$H$2:$H$210=5),'Регистър на риска'!$A$2:$A$210,""))} | H6: P = 4 | I6: {=_xlfn.TEXTJOIN(", ",TRUE,IF(('Регистър на риска'!$P$2:$P$210=4)*('Регистър на риска'!$Q$2:$Q$210=1),'Регистър на риска'!$A$2:$A$210,""))} | J6: {=_xlfn.TEXTJOIN(", ",TRUE,IF(('Регистър на риска'!$P$2:$P$210=4)*('Регистър на риска'!$Q$2:$Q$210=2),'Регистър на риска'!$A$2:$A$210,""))} | K6: {=_xlfn.TEXTJOIN(", ",TRUE,IF(('Регистър на риска'!$P$2:$P$210=4)*('Регистър на риска'!$Q$2:$Q$210=3),'Регистър на риска'!$A$2:$A$210,""))} | L6: {=_xlfn.TEXTJOIN(", ",TRUE,IF(('Регистър на риска'!$P$2:$P$210=4)*('Регистър на риска'!$Q$2:$Q$210=4),'Регистър на риска'!$A$2:$A$210,""))} | M6: {=_xlfn.TEXTJOIN(", ",TRUE,IF(('Регистър на риска'!$P$2:$P$210=4)*('Регистър на риска'!$Q$2:$Q$210=5),'Регистър на риска'!$A$2:$A$210,""))}
A7: P = 3 | B7: {=_xlfn.TEXTJOIN(", ",TRUE,IF(('Регистър на риска'!$G$2:$G$210=3)*('Регистър на риска'!$H$2:$H$210=1),'Регистър на риска'!$A$2:$A$210,""))} | C7: {=_xlfn.TEXTJOIN(", ",TRUE,IF(('Регистър на риска'!$G$2:$G$210=3)*('Регистър на риска'!$H$2:$H$210=2),'Регистър на риска'!$A$2:$A$210,""))} | D7: {=_xlfn.TEXTJOIN(", ",TRUE,IF(('Регистър на риска'!$G$2:$G$210=3)*('Регистър на риска'!$H$2:$H$210=3),'Регистър на риска'!$A$2:$A$210,""))} -> R-11 | E7: {=_xlfn.TEXTJOIN(", ",TRUE,IF(('Регистър на риска'!$G$2:$G$210=3)*('Регистър на риска'!$H$2:$H$210=4),'Регистър на риска'!$A$2:$A$210,""))} -> R-07, R-08, R-12 | F7: {=_xlfn.TEXTJOIN(", ",TRUE,IF(('Регистър на риска'!$G$2:$G$210=3)*('Регистър на риска'!$H$2:$H$210=5),'Регистър на риска'!$A$2:$A$210,""))} -> R-02 | H7: P = 3 | I7: {=_xlfn.TEXTJOIN(", ",TRUE,IF(('Регистър на риска'!$P$2:$P$210=3)*('Регистър на риска'!$Q$2:$Q$210=1),'Регистър на риска'!$A$2:$A$210,""))} | J7: {=_xlfn.TEXTJOIN(", ",TRUE,IF(('Регистър на риска'!$P$2:$P$210=3)*('Регистър на риска'!$Q$2:$Q$210=2),'Регистър на риска'!$A$2:$A$210,""))} -> R-10 | K7: {=_xlfn.TEXTJOIN(", ",TRUE,IF(('Регистър на риска'!$P$2:$P$210=3)*('Регистър на риска'!$Q$2:$Q$210=3),'Регистър на риска'!$A$2:$A$210,""))} -> R-11 | L7: {=_xlfn.TEXTJOIN(", ",TRUE,IF(('Регистър на риска'!$P$2:$P$210=3)*('Регистър на риска'!$Q$2:$Q$210=4),'Регистър на риска'!$A$2:$A$210,""))} | M7: {=_xlfn.TEXTJOIN(", ",TRUE,IF(('Регистър на риска'!$P$2:$P$210=3)*('Регистър на риска'!$Q$2:$Q$210=5),'Регистър на риска'!$A$2:$A$210,""))}
A8: P = 2 | B8: {=_xlfn.TEXTJOIN(", ",TRUE,IF(('Регистър на риска'!$G$2:$G$210=2)*('Регистър на риска'!$H$2:$H$210=1),'Регистър на риска'!$A$2:$A$210,""))} | C8: {=_xlfn.TEXTJOIN(", ",TRUE,IF(('Регистър на риска'!$G$2:$G$210=2)*('Регистър на риска'!$H$2:$H$210=2),'Регистър на риска'!$A$2:$A$210,""))} | D8: {=_xlfn.TEXTJOIN(", ",TRUE,IF(('Регистър на риска'!$G$2:$G$210=2)*('Регистър на риска'!$H$2:$H$210=3),'Регистър на риска'!$A$2:$A$210,""))} | E8: {=_xlfn.TEXTJOIN(", ",TRUE,IF(('Регистър на риска'!$G$2:$G$210=2)*('Регистър на риска'!$H$2:$H$210=4),'Регистър на риска'!$A$2:$A$210,""))} -> R-13, R-14 | F8: {=_xlfn.TEXTJOIN(", ",TRUE,IF(('Регистър на риска'!$G$2:$G$210=2)*('Регистър на риска'!$H$2:$H$210=5),'Регистър на риска'!$A$2:$A$210,""))} -> R-04, R-06, R-09 | H8: P = 2 | I8: {=_xlfn.TEXTJOIN(", ",TRUE,IF(('Регистър на риска'!$P$2:$P$210=2)*('Регистър на риска'!$Q$2:$Q$210=1),'Регистър на риска'!$A$2:$A$210,""))} | J8: {=_xlfn.TEXTJOIN(", ",TRUE,IF(('Регистър на риска'!$P$2:$P$210=2)*('Регистър на риска'!$Q$2:$Q$210=2),'Регистър на риска'!$A$2:$A$210,""))} -> R-09 | K8: {=_xlfn.TEXTJOIN(", ",TRUE,IF(('Регистър на риска'!$P$2:$P$210=2)*('Регистър на риска'!$Q$2:$Q$210=3),'Регистър на риска'!$A$2:$A$210,""))} -> R-04, R-07 | L8: {=_xlfn.TEXTJOIN(", ",TRUE,IF(('Регистър на риска'!$P$2:$P$210=2)*('Регистър на риска'!$Q$2:$Q$210=4),'Регистър на риска'!$A$2:$A$210,""))} -> R-01, R-02, R-03, R-05, R-13, R-14 | M8: {=_xlfn.TEXTJOIN(", ",TRUE,IF(('Регистър на риска'!$P$2:$P$210=2)*('Регистър на риска'!$Q$2:$Q$210=5),'Регистър на риска'!$A$2:$A$210,""))}
A9: P = 1 | B9: {=_xlfn.TEXTJOIN(", ",TRUE,IF(('Регистър на риска'!$G$2:$G$210=1)*('Регистър на риска'!$H$2:$H$210=1),'Регистър на риска'!$A$2:$A$210,""))} | C9: {=_xlfn.TEXTJOIN(", ",TRUE,IF(('Регистър на риска'!$G$2:$G$210=1)*('Регистър на риска'!$H$2:$H$210=2),'Регистър на риска'!$A$2:$A$210,""))} | D9: {=_xlfn.TEXTJOIN(", ",TRUE,IF(('Регистър на риска'!$G$2:$G$210=1)*('Регистър на риска'!$H$2:$H$210=3),'Регистър на риска'!$A$2:$A$210,""))} | E9: {=_xlfn.TEXTJOIN(", ",TRUE,IF(('Регистър на риска'!$G$2:$G$210=1)*('Регистър на риска'!$H$2:$H$210=4),'Регистър на риска'!$A$2:$A$210,""))} | F9: {=_xlfn.TEXTJOIN(", ",TRUE,IF(('Регистър на риска'!$G$2:$G$210=1)*('Регистър на риска'!$H$2:$H$210=5),'Регистър на риска'!$A$2:$A$210,""))} | H9: P = 1 | I9: {=_xlfn.TEXTJOIN(", ",TRUE,IF(('Регистър на риска'!$P$2:$P$210=1)*('Регистър на риска'!$Q$2:$Q$210=1),'Регистър на риска'!$A$2:$A$210,""))} | J9: {=_xlfn.TEXTJOIN(", ",TRUE,IF(('Регистър на риска'!$P$2:$P$210=1)*('Регистър на риска'!$Q$2:$Q$210=2),'Регистър на риска'!$A$2:$A$210,""))} | K9: {=_xlfn.TEXTJOIN(", ",TRUE,IF(('Регистър на риска'!$P$2:$P$210=1)*('Регистър на риска'!$Q$2:$Q$210=3),'Регистър на риска'!$A$2:$A$210,""))} | L9: {=_xlfn.TEXTJOIN(", ",TRUE,IF(('Регистър на риска'!$P$2:$P$210=1)*('Регистър на риска'!$Q$2:$Q$210=4),'Регистър на риска'!$A$2:$A$210,""))} -> R-08, R-12 | M9: {=_xlfn.TEXTJOIN(", ",TRUE,IF(('Регистър на риска'!$P$2:$P$210=1)*('Регистър на риска'!$Q$2:$Q$210=5),'Регистър на риска'!$A$2:$A$210,""))} -> R-06
B10: I = 1 | C10: I = 2 | D10: I = 3 | E10: I = 4 | F10: I = 5 | I10: I = 1 | J10: I = 2 | K10: I = 3 | L10: I = 4 | M10: I = 5
B11: Въздействие → | I11: Въздействие →
A14: Ниво | B14: Стойност | C14: Първонач. брой | D14: Остат. брой
A15: нисък | B15: 1–4 | C15: =COUNTIFS('Регистър на риска'!$I$2:$I$210,">=1",'Регистър на риска'!$I$2:$I$210,"<=4") -> 0 | D15: =COUNTIFS('Регистър на риска'!$R$2:$R$210,">=1",'Регистър на риска'!$R$2:$R$210,"<=4") -> 3
A16: умерен | B16: 5–9 | C16: =COUNTIFS('Регистър на риска'!$I$2:$I$210,">=5",'Регистър на риска'!$I$2:$I$210,"<=9") -> 3 | D16: =COUNTIFS('Регистър на риска'!$R$2:$R$210,">=5",'Регистър на риска'!$R$2:$R$210,"<=9") -> 11
A17: висок | B17: 10–15 | C17: =COUNTIFS('Регистър на риска'!$I$2:$I$210,">=10",'Регистър на риска'!$I$2:$I$210,"<=15") -> 8 | D17: =COUNTIFS('Регистър на риска'!$R$2:$R$210,">=10",'Регистър на риска'!$R$2:$R$210,"<=15") -> 0
A18: критичен | B18: 16–25 | C18: =COUNTIFS('Регистър на риска'!$I$2:$I$210,">=16",'Регистър на риска'!$I$2:$I$210,"<=25") -> 3 | D18: =COUNTIFS('Регистър на риска'!$R$2:$R$210,">=16",'Регистър на риска'!$R$2:$R$210,"<=25") -> 0
A20: Риск апетит: | B20: =Скали!B1 -> 9
A21: Неприемливи (над апетита): | C21: =COUNTIF('Регистър на риска'!$I$2:$I$210,">"&Скали!B1) -> 11 | D21: =COUNTIF('Регистър на риска'!$R$2:$R$210,">"&Скали!B1) -> 0
